,type.x,season.x,merge,temp,tempe,river,Water.Control.Zone,site,sample,sample1,season.y,type.y,Acidobacteriota,Actinobacteriota,Alphaproteobacteria,Bacteroidota,Campylobacterota,Chlamydiota,Chloroflexota,Cyanobacteria,Deinococcota,Fibrobacterota,Firmicutes,Gammaproteobacteria,Halobacteriota,Myxococcota,Nitrospirota,Planctomycetota,Synergistota,Verrucomicrobiota
1,MP,1.feb,mp1,18,26.3,Tai Chung Hau Stream,Deep Bay,DB2,A0.MP.F,A0.MP.F,F,MP,0.00072464,0.278545423,0.205627555,0.041696032,0.000574822,2.63E-05,0.000323402,0.019053615,0.122970527,0.000214623,0.053401857,0.577941267,0,2.05E-05,0.000123032,4.10E-05,3.49E-05,4.80E-05
2,MP,1.feb,mp1,20.5,19,River Indus,Deep Bay,IN2,E0.MP.F,E0.MP.F,F,MP,4.43E-05,1.458129888,0.604128131,1.645953409,0.017898958,0.017795379,0.000354949,0.055561508,0.000108,0.023353841,0.269916714,21.1872261,8.15E-05,0.000289295,3.48E-05,0.000485488,0.000535822,7.56E-05
3,MP,1.feb,mp1,23,20.8,Kai Tak River,Victoria Harbour ,KN5,H0.MP.F,H0.MP.F,F,MP,0,0.396325328,0.503424044,1.862427749,0.025710771,0.012025146,3.47E-05,0.03350222,6.17E-05,0.016739376,0.239458766,18.49744195,0.000139418,7.10E-08,3.87E-05,0.000155679,0.000298171,0.000147257
4,MP,1.feb,mp1,19.4,20.3,Tai Shui Hang Stream,Port Shelter ,PR7,I0.MP.F,I0.MP.F,F,MP,0.00012624,0.650532206,0.168640898,1.93341531,3.52E-05,0.003052207,2.20E-05,0.025627429,0.001399706,0.001315414,0.349965937,10.76217277,7.69E-06,5.43E-06,2.54E-05,5.56E-05,1.69E-05,7.82E-06
5,MP,1.feb,mp1,19,22.5,Tung Chung River,North Western ,TC2,J0.MP.F,J0.MP.F,F,MP,0.001546151,0.10152076,3.849849069,0.043470876,0.00021803,0.000419742,0.002630075,3.877934015,0.131831146,0.000182013,0.095483513,11.71033101,0,2.48E-06,3.73E-05,5.90E-05,1.99E-05,0.000239443
6,MP,1.feb,mp1,21,23.2,Tuen Mun River,North Western ,TN2,C1.MP.F,C1.MP.F,F,MP,0.00012509,0.112797337,0.281173144,0.339033643,0.000115981,0.007535354,0.009652531,0.0799803,0.149769608,0.000940309,0.232367327,8.136319018,7.52E-05,1.75E-06,1.69E-05,1.22E-05,1.82E-05,2.01E-05
7,MP,1.feb,mp1,18.8,23.3,Tuen Mun River,North Western ,TN6,C2.MP.F,C2.MP.F,F,MP,0.002289047,0.435536608,1.04414727,8.850019496,0.000642821,0.004850216,0.018133291,1.180210614,0.16617158,0.001005865,0.302723731,2.547536047,6.76E-05,9.11E-07,0.000338782,0.000159615,0,0.00012121
8,MP,1.feb,mp1,20.1,19.8,Lam Tsuen River,Tolo Harbour and Channel ,TR12B,F2.MP.F,F2.MP.F,F,MP,0.000263639,0.659843872,1.958942969,0.540710366,0,0.009725771,9.54E-05,0.059065172,0.011595654,0.000275638,0.060521394,9.736293715,5.11E-05,1.61E-06,1.35E-05,5.74E-05,0,4.96E-06
9,MP,1.feb,mp1,18.8,21,Lam Tsuen River,Tolo Harbour and Channel ,TR12D,F1.MP.F,F1.MP.F,F,MP,0.046622397,10.90939964,1.270302628,9.113870377,0.002907568,0.014215848,1.698588215,0.179474571,0.001697077,0.000303107,0.053295898,8.145092965,0.000151977,4.71E-06,0.037107506,0.001413253,1.06E-05,0.000454406
10,MP,1.feb,mp1,18.9,19.4,Lam Tsuen River,Tolo Harbour and Channel ,TR12I,F3.MP.F,F3.MP.F,F,MP,0,2.888462886,0.659427349,0.640727513,0.228721196,0.01151217,0.00010924,0.03108859,0.000259944,0.018485991,0.21148844,25.42725606,0.000580987,0,3.97E-05,7.19E-05,0.010227278,0.000312596
11,MP,1.feb,mp1,21.3,18.2,Shing Mun River,Tolo Harbour and Channel ,TR17L,G2.MP.F,G2.MP.F,F,MP,6.13E-05,1.464640731,0.637295805,1.356038009,0.010763257,0.020554111,0.000294738,0.070083631,0.000188236,0.016748076,0.238363627,20.30601042,0.00010617,0.000569012,2.68E-05,0.00048886,0.000403851,5.31E-05
12,MP,1.feb,mp1,21.5,19.3,Shing Mun River,Tolo Harbour and Channel ,TR19I,G1.MP.F,G1.MP.F,F,MP,0.000422949,0.386875661,0.287500536,1.384017807,0.00011717,0.007943675,0.000589579,0.119855318,0.082806165,0.00104961,0.113387122,12.90129196,0.000434281,2.47E-05,0.000161884,1.03E-05,0,1.08E-05
13,MP,1.feb,mp1,20.8,21.6,Tin Shui Wai Nullah,Deep Bay,TSR1,B0.MP.F,B0.MP.F,F,MP,0.000503205,0.191503222,0.455016998,0.050858126,0.001101425,0.0001455,0.026361087,0.508959167,0.179998821,0.00022986,0.030916755,4.294563792,0,5.54E-06,1.51E-05,0.00012547,6.10E-05,0.000335372
14,MP,1.feb,mp1,21.1,21.6,Yuen Long Creek,Deep Bay,YL2,D1.MP.F,D1.MP.F,F,MP,0.001297619,0.313867561,3.485136629,0.138419756,4.11E-06,0.000144123,0.00010858,0.13033001,0.065766614,6.07E-06,0.01867553,0.68430273,1.66E-05,0.000608124,5.75E-06,9.50E-05,0,7.82E-06
15,MP,1.feb,mp1,20.1,21.6,Yuen Long Creek,Deep Bay,YL4,D2.MP.F,D2.MP.F,F,MP,0.005094673,0.96183189,1.25661061,0.784596879,0.000171808,0.018736331,0.020921376,2.746522471,0.14068842,0.00088762,0.065055352,11.69422144,0.000193498,1.79E-06,0.001034342,0.000172279,1.11E-05,0.000143583
16,MP,2.may,mp2,28.4,27.5,Tai Chung Hau Stream,Deep Bay,DB2,A0.MP.M,A0.MP.M,M,MP,0.000545692,1.02355319,0.197650097,0.018017508,7.57E-05,3.25E-05,0.064126364,0.004457636,0.00076905,4.92E-06,0.036570263,2.216126855,1.00E-04,4.44E-06,0.023584443,0.000183597,0,2.23E-05
17,MP,2.may,mp2,29.4,28.4,River Indus,Deep Bay,IN2,E0.MP.M,E0.MP.M,M,MP,1.28E-05,4.227670337,2.826564189,3.147117917,5.47452323,0.254944192,0.000309691,0.048143626,0.000713099,0.009066843,0.281593093,11.39514415,3.02E-05,1.31E-06,0.0001704,7.54E-05,0.000619996,0.00013109
18,MP,2.may,mp2,28.7,23.7,Kai Tak River,Victoria Harbour ,KN5,H0.MP.M,H0.MP.M,M,MP,0.000563435,2.717494941,0.249854095,0.148583458,0.00012866,0.000341103,0.884485022,0.010968875,0.000918378,1.29E-05,0.019434767,5.869028194,3.87E-05,6.05E-06,2.50229477,0.000650399,0,0.000818077
19,MP,2.may,mp2,29,23.9,Tai Shui Hang Stream,Port Shelter ,PR7,I0.MP.M,I0.MP.M,M,MP,0.000354062,0.305610324,2.832351488,0.014848511,0.006679664,6.20E-05,0.001530356,0.039011908,0.018568269,3.28E-05,0.440402167,1.341625434,0,5.76E-06,0.00014156,0.000142283,0,7.18E-05
20,MP,2.may,mp2,27.7,20.8,Tung Chung River,North Western ,TC2,J0.MP.M,J0.MP.M,M,MP,0.000616942,1.239627546,2.057189285,0.129778843,0.000282532,0.002307578,0.001057634,0.038186421,0.776731253,5.49E-05,0.041691,11.94358242,2.64E-05,8.82E-05,5.24E-05,0.000208253,1.16E-05,1.77E-05
21,MP,2.may,mp2,23.7,24.7,Tuen Mun River,North Western ,TN2,C1.MP.M,C1.MP.M,M,MP,7.22E-05,2.798338832,4.076010786,0.832105902,0.000451466,0.000829021,0.00114036,0.010768578,0.002929894,3.17E-05,0.206754872,52.16630081,0,0,0.001556485,0.000132204,0.000191751,6.53E-05
22,MP,2.may,mp2,23.8,24.7,Tuen Mun River,North Western ,TN6,C2.MP.M,C2.MP.M,M,MP,0.000332557,0.709130182,1.210664478,0.3242646,0.00114258,0.000304271,0.037695974,0.080601569,0.031857372,7.76E-05,1.495496551,3.361283192,1.52E-05,5.77E-05,0.01463409,0.000617252,2.19E-05,0.000179077
23,MP,2.may,mp2,25.5,26.7,Lam Tsuen River,Tolo Harbour and Channel ,TR12B,F2.MP.M,F2.MP.M,M,MP,0.00043195,0.934817997,0.239044644,0.808233148,1.91E-05,0.010430617,0.000769239,0.036193298,0.00259521,0.000122,1.071337827,3.127974647,1.29E-05,4.54E-05,4.47E-05,4.94E-05,4.10E-05,5.24E-06
24,MP,2.may,mp2,24.5,29.3,Lam Tsuen River,Tolo Harbour and Channel ,TR12D,F1.MP.M,F1.MP.M,M,MP,0.000487592,0.798536033,0.749298018,0.430728817,3.12E-06,0.013708878,0.001419654,0.078946451,0.010408856,0.000123147,0.03613628,5.405904228,0.000413478,0.002536566,6.89E-05,0.00021298,0,8.15E-06
25,MP,2.may,mp2,24.9,26.7,Lam Tsuen River,Tolo Harbour and Channel ,TR12I,F3.MP.M,F3.MP.M,M,MP,0.428649038,1.593290658,2.00917354,0.22115447,0,0.007971959,0.000461333,0.981452143,0.02790182,0.00302537,0.048880946,6.857273225,0.000782154,0.003446582,2.73E-05,0.000413923,0,1.56E-06
26,MP,2.may,mp2,27.4,24.8,Shing Mun River,Tolo Harbour and Channel ,TR17L,G2.MP.M,G2.MP.M,M,MP,0.000610911,1.666806676,2.874907901,0.896149268,2.50E-05,1.61E-06,0.564937686,1.357650222,0.179194348,0.000276472,0.746459084,8.622636789,9.47E-06,3.39E-06,0.002003847,0.000241134,0,0.000447779
27,MP,2.may,mp2,28.6,24.7,Shing Mun River,Tolo Harbour and Channel ,TR19I,G1.MP.M,G1.MP.M,M,MP,0.005206845,0.392288819,1.732736904,0.117247512,0,5.06E-05,0.056566584,3.711044162,0.12876647,2.10E-05,0.045615908,6.591406909,0,0,0.000191876,0.000117973,0,9.63E-05
28,MP,2.may,mp2,23.4,30.9,Tin Shui Wai Nullah,Deep Bay,TSR1,B0.MP.M,B0.MP.M,M,MP,0.001423315,2.578107817,0.32874042,0.233149534,0.0001172,0.012124791,0.008453182,0.079180505,0.040806322,0.002572755,0.061972296,3.013810596,0.002653384,4.33E-06,0.00017483,0.00014399,8.14E-05,5.35E-06
29,MP,2.may,mp2,25,28,Yuen Long Creek,Deep Bay,YL2,D1.MP.M,D1.MP.M,M,MP,9.92E-05,8.575175,1.895266129,0.198973249,0.001175395,0.0001539,0.004626893,0.00260083,0.003317472,0.001633935,0.368735144,14.51143028,1.76E-05,0,0.0001049,0.000458773,0.001269376,0.000166932
30,MP,2.may,mp2,25,30,Yuen Long Creek,Deep Bay,YL4,D2.MP.M,D2.MP.M,M,MP,0.00015215,4.514094927,0.969629426,1.322423444,7.36E-05,0.011755546,0.504275293,0.1202714,0.050951283,0.006649155,6.410674667,14.08316599,0.2510378,1.17E-05,0.042472044,0.000371304,0.000157565,0.0001109
31,MP,3.Aug,mp3,29.4,30.4,Tai Chung Hau Stream,Deep Bay,DB2,A0.MP.S,A0.MP.S,S,MP,0.00051353,0.589407839,0.420543885,0.004265472,0.001077245,1.80E-05,0.000453816,0.000990662,0.000369058,1.25E-05,0.162994826,0.265557158,4.80E-05,4.01E-06,0.002361207,0.000121648,0,6.05E-05
32,MP,3.Aug,mp3,29.5,33.1,River Indus,Deep Bay,IN2,E0.MP.S,E0.MP.S,S,MP,4.68E-05,5.371114924,0.15340137,0.057166563,0.013781128,1.05E-05,9.31E-05,0.009089038,0.001753501,0.006322957,13.14755758,1.706941904,6.43E-06,2.63E-07,1.51E-05,1.67E-06,0,0.000519915
33,MP,3.Aug,mp3,31.9,32.8,Kai Tak River,Victoria Harbour ,KN5,H0.MP.S,H0.MP.S,S,MP,0.00013022,3.728832703,0.109781952,1.438810598,4.38244927,6.90E-05,0.000830163,0.020851255,0.016118395,0.00092289,18.296525,3.554849729,0,0,7.60E-05,4.88E-06,2.31E-06,9.42E-06
34,MP,3.Aug,mp3,29.2,33.8,Tai Shui Hang Stream,Port Shelter ,PR7,I0.MP.S,I0.MP.S,S,MP,0.000426026,1.293256257,0.238267844,0.010160083,0.005462128,1.07E-06,0.000460808,0.006868536,0.000771505,4.27E-05,0.397248112,0.05765967,0,0,0.000315204,4.28E-05,0,2.70E-05
35,MP,3.Aug,mp3,29.2,31.8,Tung Chung River,North Western ,TC2,J0.MP.S,J0.MP.S,S,MP,0.000147391,0.699712738,0.808250005,0.335106454,0.022519909,2.71E-05,0.001860605,0.040484651,0.014994243,2.53E-05,0.602329528,0.320298294,3.21E-06,0.000155643,0.000282167,0.000255212,0,3.24E-05
36,MP,3.Aug,mp3,30,28.9,Tuen Mun River,North Western ,TN2,C1.MP.S,C1.MP.S,S,MP,0.000478438,4.231187939,0.553908112,0.183073956,0.001160071,0.0001308,0.005100997,0.529504311,0.049537473,4.03E-05,1.977095792,2.396096532,2.28E-06,3.27E-06,0.00071708,0.0001457,1.50E-05,6.01E-05
37,MP,3.Aug,mp3,28.4,28.3,Tuen Mun River,North Western ,TN6,C2.MP.S,C2.MP.S,S,MP,0.000292977,1.136080919,0.341409007,0.274719315,0.093156942,2.78E-05,0.002473505,0.033218378,0.010862556,0.000133939,2.167220613,0.370235022,1.37E-05,1.25E-05,0.000617113,0.000154772,5.25E-06,3.23E-05
38,MP,3.Aug,mp3,30.1,33.3,Lam Tsuen River,Tolo Harbour and Channel ,TR12B,F2.MP.S,F2.MP.S,S,MP,0.000366529,0.191738559,0.150112006,0.009690461,0.001312028,1.29E-05,0.000324287,0.03890724,0.00049107,0,0.036058067,0.516779596,3.80E-06,0.000763835,0.0001108,0.00023919,0,3.97E-06
39,MP,3.Aug,mp3,28.1,34.6,Lam Tsuen River,Tolo Harbour and Channel ,TR12D,F1.MP.S,F1.MP.S,S,MP,0.001126696,0.157308955,0.130647613,0.011401917,0.001611571,0.0001068,0.000559072,0.008798517,0.001788952,1.40E-05,0.085147826,0.332391617,1.89E-05,0.004373407,7.92E-05,0.00016665,0,3.43E-06
40,MP,3.Aug,mp3,29.6,33.3,Lam Tsuen River,Tolo Harbour and Channel ,TR12I,F3.MP.S,F3.MP.S,S,MP,0.000208751,4.019353677,1.165012653,0.287761422,0.001790529,0.000194092,8.30E-05,0.01137568,0.005508125,0.000535452,2.867026314,1.905323148,8.36E-06,9.20E-06,0.000381046,0.00021762,8.34E-06,0.000104388
41,MP,3.Aug,mp3,31.1,32.6,Shing Mun River,Tolo Harbour and Channel ,TR17L,G2.MP.S,G2.MP.S,S,MP,0.000486192,4.363208533,9.859437285,3.608674264,0.006855122,8.96E-05,0.000302351,2.599009395,0.000646889,7.94E-05,0.024712981,5.797313961,0,0,0.000613302,0.640024008,9.46E-06,0.511418497
42,MP,3.Aug,mp3,31.2,33.7,Shing Mun River,Tolo Harbour and Channel ,TR19I,G1.MP.S,G1.MP.S,S,MP,0.000496781,1.06554701,1.954046109,0.154505086,0.003427942,0.002993781,0.000811812,0.085928802,0.002176221,6.17E-05,0.35591956,3.447677834,2.42E-05,0.000164142,9.26E-05,0.009208621,3.12E-06,0.000717979
43,MP,3.Aug,mp3,30.4,32.4,Tin Shui Wai Nullah,Deep Bay,TSR1,B0.MP.S,B0.MP.S,S,MP,0.000587595,2.607632757,0.221842875,0.013641953,0.001551648,2.81E-06,0.000358665,0.007546306,0.002189296,2.90E-05,0.122081532,0.137233508,0,2.77E-05,0.000302592,0.00046595,0,0.000270935
44,MP,3.Aug,mp3,29.7,33.8,Yuen Long Creek,Deep Bay,YL2,D1.MP.S,D1.MP.S,S,MP,6.25E-05,8.304069317,0.291747968,0.272209295,0.71763386,2.05E-05,0.000442283,0.003739259,0.001911928,0.00346446,20.50694358,2.207821609,0,2.48E-07,3.37E-05,2.96E-06,0,0.000484028
45,MP,3.Aug,mp3,30,26.4,Yuen Long Creek,Deep Bay,YL4,D2.MP.S,D2.MP.S,S,MP,0.00110849,1.579347936,0.649601792,1.156606286,0.001013048,0.000238969,0.000398032,0.055915106,0.032472135,0.000355327,0.110877682,18.73933708,0.00025477,0.004292822,0.000804778,0.000497356,4.43E-05,5.74E-05
46,MP,4.nov,mp4,28.2,27.1,Tai Chung Hau Stream,Deep Bay,DB2,A0.MP.A,A0.MP.A,A,MP,0.000135421,8.835236712,4.992669309,1.054236025,0.000509118,4.10E-05,0.006046751,0.003918047,0.006192635,7.49E-05,1.077344733,13.7047562,0.000476101,7.25E-06,0.00010053,0.00016848,0.000357019,1.42E-05
47,MP,4.nov,mp4,27.6,28.3,River Indus,Deep Bay,IN2,E0.MP.A,E0.MP.A,A,MP,0.012048627,1.156451841,0.961547497,0.584250067,0.000468308,0.3745334,0.3800899,0.059574123,0.00692382,0.002527538,0.377126523,8.676085523,6.73E-05,0.000108859,7.08E-05,4.68E-05,0.000346675,9.23E-06
48,MP,4.nov,mp4,28,28.5,Kai Tak River,Victoria Harbour ,KN5,H0.MP.A,H0.MP.A,A,MP,0.008755468,15.67889334,0.273953719,0.058952482,0.000165,0.000420793,4.33032059,0.794506866,0.020324423,0.001308071,0.072577999,5.106625014,0.000123662,9.88E-06,0.42713574,0.002127658,0.000219633,0.00050402
49,MP,4.nov,mp4,25.6,26.5,Tai Shui Hang Stream,Port Shelter ,PR7,I0.MP.A,I0.MP.A,A,MP,0.004531303,0.253129465,2.154395761,0.262768419,2.85E-05,0.0015528,0.003800892,4.070622742,0.329092039,0.000485283,0.051977008,6.769882164,2.69E-05,1.10E-06,2.06E-05,3.79E-05,2.95E-06,5.22E-05
50,MP,4.nov,mp4,24.4,25.3,Tung Chung River,North Western ,TC2,J0.MP.A,J0.MP.A,A,MP,0.000173019,1.698685378,0.291564285,0.690236053,6.75E-05,0.012337744,0.004290547,0.032565975,0.000890114,1.50E-05,0.120750363,12.01080243,0.000488891,0.3533142,0.002026539,0.000294859,3.90E-05,2.79E-06
51,MP,4.nov,mp4,25.3,29.6,Tuen Mun River,North Western ,TN2,C1.MP.A,C1.MP.A,A,MP,0.000138957,5.311593127,1.208890441,1.544002937,5.19E-05,0.00623718,0.0026846,0.021920701,0.000707386,0.00023214,3.460309053,18.61519063,9.81E-05,3.33E-06,0.00321094,0.000259761,4.76E-05,9.27E-05
52,MP,4.nov,mp4,24.7,26.9,Tuen Mun River,North Western ,TN6,C2.MP.A,C2.MP.A,A,MP,0.00012474,0.186991035,0.420357094,0.173542959,0.00015523,0.013717937,0.000497378,0.011979306,0.002650786,7.67E-05,0.124280686,3.678192094,0.000572252,1.89E-05,6.22E-05,0.000144253,0,0.000301727
53,MP,4.nov,mp4,26.3,29.4,Lam Tsuen River,Tolo Harbour and Channel ,TR12B,F2.MP.A,F2.MP.A,A,MP,0.000487226,0.507605158,0.418824484,0.183524134,0.001998538,0.000195746,0.095321564,2.028751681,0.001102304,5.56E-06,0.037348537,9.29346935,5.02E-05,0.002213317,0.030477832,0.000322401,0,6.62E-05
54,MP,4.nov,mp4,24.4,30.8,Lam Tsuen River,Tolo Harbour and Channel ,TR12D,F1.MP.A,F1.MP.A,A,MP,0.007523067,1.010073681,1.032749449,0.775620432,0.00013862,0.022234751,0.014837603,0.081335302,0.006382959,0,0.049586649,9.678599486,0.000420524,0.002726755,7.63E-05,0.0001594,0,7.84E-06
55,MP,4.nov,mp4,24.5,28.3,Lam Tsuen River,Tolo Harbour and Channel ,TR12I,F3.MP.A,F3.MP.A,A,MP,0.717644588,2.56339003,0.943052599,1.6425725,0.000616792,0.012575993,0.0003543,0.090617242,0.014729485,0,0.086223583,27.44794468,0.001600526,0.000181662,2.79E-05,0.0001138,0,8.92E-06
56,MP,4.nov,mp4,29.2,26.5,Shing Mun River,Tolo Harbour and Channel ,TR17L,G2.MP.A,G2.MP.A,A,MP,0.000808372,0.984572161,1.445319591,0.102566244,0.000523324,6.73E-06,0.000674795,0.357461011,0.22929497,1.16E-05,0.026273403,0.536407957,3.30E-06,0,6.25E-05,0.00011276,0,6.00E-05
57,MP,4.nov,mp4,29.4,27.7,Shing Mun River,Tolo Harbour and Channel ,TR19I,G1.MP.A,G1.MP.A,A,MP,0.000375802,0.325709385,3.461259042,0.566013743,0.018667421,7.35E-05,0.001607848,0.070607521,0.082143632,2.88E-05,0.275500758,3.181048261,3.05E-05,0.001254925,8.51E-05,0.00020447,0,3.07E-05
58,MP,4.nov,mp4,28.4,29.5,Tin Shui Wai Nullah,Deep Bay,TSR1,B0.MP.A,B0.MP.A,A,MP,0.00018617,0.453283186,1.353158402,0.344173445,0.000236389,0.001031763,0.004925071,0.035104838,0.013573349,8.17E-06,1.856190348,1.909342028,0,1.52E-05,0.0072643,0.00024518,0,6.36E-05
59,MP,4.nov,mp4,27,30,Yuen Long Creek,Deep Bay,YL2,D1.MP.A,D1.MP.A,A,MP,0.00016508,11.72548435,11.93571009,1.823100631,0.000469062,0.00032875,0.636552142,0.023998481,0.003787141,3.46E-06,1.227400592,4.09142084,1.97E-06,4.03E-07,0.002739298,1.65E-05,9.25E-05,2.06E-05
60,MP,4.nov,mp4,26.7,30.7,Yuen Long Creek,Deep Bay,YL4,D2.MP.A,D2.MP.A,A,MP,0.000188039,2.424262444,4.764999084,1.404794568,0.000522067,0.024025936,0.147184918,0.071692334,0.000838592,2.75E-05,0.340263487,23.8055302,0.0003623,3.47E-06,0.003326534,0.00072167,2.32E-06,8.65E-05
61,NP,1.feb,np1,18,26.3,Tai Chung Hau Stream,Deep Bay,DB2,A0.NP.F,A0.NP.F,F,NP,0.000334873,0.697400674,0.619249397,0.115839053,0.000227716,0.001240297,0.001898894,0.222930587,0.004453917,0.000548957,1.183396982,0.370012565,6.67E-05,4.54E-06,0.001697209,1.45E-05,0,1.44E-05
62,NP,1.feb,np1,20.5,19,River Indus,Deep Bay,IN2,E0.NP.F,E0.NP.F,F,NP,7.23E-05,1.744752979,0.632375987,8.303518875,0.059187146,0.012887005,0.00020726,0.040384172,0.0001273,0.028228099,0.59764849,9.631763199,0.000281535,3.74E-07,4.68E-05,0.000160727,0.001124422,8.86E-05
63,NP,1.feb,np1,23,20.8,Kai Tak River,Victoria Harbour ,KN5,H0.NP.F,H0.NP.F,F,NP,8.07E-06,0.51141367,0.375946088,0.558520343,0.447405332,0.008996194,0.00012006,0.016118252,0.000216175,0.0043928,0.291623217,16.8048138,0.00080279,0,3.11E-05,2.80E-05,0.000832839,0.001022572
64,NP,1.feb,np1,19.4,20.3,Tai Shui Hang Stream,Port Shelter ,PR7,I0.NP.F,I0.NP.F,F,NP,0.001848368,0.180274049,2.333526794,0.018313541,8.46E-06,0,0.016170958,2.732652004,0.092815508,0,0.009140127,0.019705295,0,0,2.79E-05,4.19E-05,0,0
65,NP,1.feb,np1,19,22.5,Tung Chung River,North Western ,TC2,J0.NP.F,J0.NP.F,F,NP,0.000657644,0.277817858,0.644217783,0.059656496,2.43E-05,2.84E-05,0.000166196,0.010820432,0.042601457,8.90E-05,0.083687967,17.24236897,0,6.26E-06,4.46E-05,3.21E-05,0.00011418,8.96E-06
66,NP,1.feb,np1,21,23.2,Tuen Mun River,North Western ,TN2,C1.NP.F,C1.NP.F,F,NP,0.000609697,0.374949244,0.577327402,0.657238853,0.000343175,0.008507894,0.000876884,0.048808329,0.005945561,0.001304235,0.111175999,4.767667401,0.000179282,7.13E-05,9.03E-05,0.000175463,3.66E-06,3.50E-05
67,NP,1.feb,np1,18.8,23.3,Tuen Mun River,North Western ,TN6,C2.NP.F,C2.NP.F,F,NP,0.000497619,0.297223536,0.285436756,1.42668449,9.19E-05,0.005795614,0.000279701,0.121614173,0.032745946,0.001391286,0.396527382,10.33314174,0.000231098,1.99E-06,0.0001192,2.48E-05,4.66E-05,4.98E-06
68,NP,1.feb,np1,20.1,19.8,Lam Tsuen River,Tolo Harbour and Channel ,TR12B,F2.NP.F,F2.NP.F,F,NP,3.659394014,3.351998029,2.021723523,1.403798127,3.76E-05,0.00170735,0.002474028,6.662000965,0.009318048,5.28E-05,0.003273639,1.424405754,0,4.12E-05,1.49E-05,9.05E-06,0,2.78E-06
69,NP,1.feb,np1,18.8,21,Lam Tsuen River,Tolo Harbour and Channel ,TR12D,F1.NP.F,F1.NP.F,F,NP,0.058726616,9.064337495,0.100610281,0.784435174,0.008942659,0.007256099,2.139527541,1.470867437,0.006052494,0.00043723,0.081901236,3.068567985,0.000175771,3.99E-06,0.238647087,0.001154275,8.20E-05,0.000821664
70,NP,1.feb,np1,18.9,19.4,Lam Tsuen River,Tolo Harbour and Channel ,TR12I,F3.NP.F,F3.NP.F,F,NP,1.73E-06,0.157517781,0.251589632,1.908488553,0.375591906,0.06814203,0.00016254,0.164337145,0.000153684,0.015939873,0.114697651,21.36776929,0.000465044,0,3.21E-05,1.25E-05,0.000276313,4.32E-05
71,NP,1.feb,np1,21.3,18.2,Shing Mun River,Tolo Harbour and Channel ,TR17L,G2.NP.F,G2.NP.F,F,NP,0.000138267,0.130960973,0.671985398,2.934041098,8.66E-06,0.05749827,0.00052655,0.185570753,0.0001501,0.000978289,0.221168894,7.451996209,0.0004852,0.0312367,7.65E-05,0.000164802,0.000127806,3.16E-06
72,NP,1.feb,np1,21.5,19.3,Shing Mun River,Tolo Harbour and Channel ,TR19I,G1.NP.F,G1.NP.F,F,NP,0.001065591,0.25027853,1.377176179,0.267093701,2.06E-05,0.010564504,0.001915252,0.479302152,0.227880665,0.00057634,0.027659378,12.91182265,0.000337485,5.50E-07,2.86E-06,0.000128599,0,5.01E-05
73,NP,1.feb,np1,20.8,21.6,Tin Shui Wai Nullah,Deep Bay,TSR1,B0.NP.F,B0.NP.F,F,NP,0.000172687,0.340708968,0.275040832,1.801725689,1.07E-05,0.003035096,0.000245258,0.026332219,0.000876399,0.000992759,0.29861059,22.94943199,0,1.45E-06,5.78E-05,4.64E-05,2.33E-05,1.10E-05
74,NP,1.feb,np1,21.1,21.6,Yuen Long Creek,Deep Bay,YL2,D1.NP.F,D1.NP.F,F,NP,0.000344954,0.229955072,0.124758241,0.043569842,1.02E-05,0.002912455,0.000168603,0.036008216,0.000462167,3.04E-05,0.016123941,0.542044128,6.50E-06,0.000616811,5.52E-05,0.00046795,0,2.04E-06
75,NP,1.feb,np1,20.1,21.6,Yuen Long Creek,Deep Bay,YL4,D2.NP.F,D2.NP.F,F,NP,0.018206864,0.109688159,0.209305283,0.300186992,5.14E-06,0.003058874,0.00099077,3.004436809,0.083654137,0.000173244,0.50545786,1.298644156,2.83E-05,0,3.32E-05,6.31E-06,5.73E-06,1.66E-05
76,NP,2.may,np2,28.4,27.5,Tai Chung Hau Stream,Deep Bay,DB2,A0.NP.M,A0.NP.M,M,NP,0.0001789,0.38651036,0.457876166,0.049998361,0.001625429,6.43E-05,0.039300641,0.003448627,0.000415467,6.07E-05,0.026881388,0.823385993,2.96E-05,1.21E-05,0.038091693,0.000713447,1.30E-05,6.89E-05
77,NP,2.may,np2,29.4,28.4,River Indus,Deep Bay,IN2,E0.NP.M,E0.NP.M,M,NP,0.000236069,0.279348814,0.817411986,0.928525229,0.000197638,0.00020303,0.000286074,0.218051985,0.035672389,0.000172733,0.108073536,16.64673988,1.41E-05,1.44E-06,0.000241607,0.001361093,5.67E-05,0.000259351
78,NP,2.may,np2,28.7,23.7,Kai Tak River,Victoria Harbour ,KN5,H0.NP.M,H0.NP.M,M,NP,0.000157704,17.69647897,0.219631781,0.205647673,0.00469844,6.40E-05,6.967571667,0.169524393,8.58E-05,0.001113656,0.077796469,1.930163589,7.74E-06,2.54E-05,0.82617155,0.005498683,0.000376187,0.001133
79,NP,2.may,np2,29,23.9,Tai Shui Hang Stream,Port Shelter ,PR7,I0.NP.M,I0.NP.M,M,NP,6.16E-05,1.075159653,0.305448424,0.781705802,0.039421709,4.81E-05,0.000260153,0.003304105,0.000213053,0.001260494,0.127998407,9.244386365,1.12E-05,0.000302076,9.87E-05,0.001440534,0.007676834,0.000213288
80,NP,2.may,np2,27.7,20.8,Tung Chung River,North Western ,TC2,J0.NP.M,J0.NP.M,M,NP,2.16E-05,2.630966988,3.546717299,1.691216325,0.006418234,0.028147132,0.00017184,0.138024215,5.90E-05,0.000121933,0.00883013,8.625743946,0,2.00E-05,9.84E-06,0.000218543,0.002863781,9.48E-06
81,NP,2.may,np2,23.7,24.7,Tuen Mun River,North Western ,TN2,C1.NP.M,C1.NP.M,M,NP,9.38E-06,0.862544327,1.754297154,0.759836737,2.32E-05,0.002912717,0.001635931,0.009170976,6.57E-05,0,0.012884262,66.17602986,1.05E-05,0,0.0001783,4.54E-05,0,6.20E-05
82,NP,2.may,np2,23.8,24.7,Tuen Mun River,North Western ,TN6,C2.NP.M,C2.NP.M,M,NP,2.64E-05,2.776501958,12.24732833,2.970282496,0.23748777,1.11E-05,0.0098738,0.003304094,4.87E-05,0.001283862,0.048880167,3.113177964,1.28E-06,0,0.005783076,0.002749801,0.00015074,0.011763684
83,NP,2.may,np2,25.5,26.7,Lam Tsuen River,Tolo Harbour and Channel ,TR12B,F2.NP.M,F2.NP.M,M,NP,0.00010605,2.629428194,3.471446466,0.224844468,0.000128876,0.03323226,0.000339398,0.119461706,0.013286197,5.70E-05,14.02876346,17.43641108,0,2.45E-05,4.19E-05,0.00010678,0.000151746,9.66E-06
84,NP,2.may,np2,24.5,29.3,Lam Tsuen River,Tolo Harbour and Channel ,TR12D,F1.NP.M,F1.NP.M,M,NP,0.000299854,0.650418516,0.494340219,0.322561758,0.000254539,0.016511198,0.001357294,0.131207428,0.012112494,4.19E-05,0.063074259,10.07976998,0.000394705,0.004985755,8.77E-05,0.00023743,3.50E-05,2.71E-05
85,NP,2.may,np2,24.9,26.7,Lam Tsuen River,Tolo Harbour and Channel ,TR12I,F3.NP.M,F3.NP.M,M,NP,2.305700274,1.78740355,2.127605319,0.297224989,0,0.003149324,0.000438699,0.694000643,0.016584879,0,0.005741112,6.811200425,0.000621067,0.002322452,4.32E-05,0.000324106,0,4.33E-06
86,NP,2.may,np2,27.4,24.8,Shing Mun River,Tolo Harbour and Channel ,TR17L,G2.NP.M,G2.NP.M,M,NP,0.000691049,1.871900307,7.382610727,0.625975426,0.000309032,5.71E-06,0.122734246,0.575655317,1.600899474,0.000349247,0.538377752,4.480758234,1.86E-06,1.55E-05,0.000799962,0.003185156,8.47E-05,0.005113374
87,NP,2.may,np2,28.6,24.7,Shing Mun River,Tolo Harbour and Channel ,TR19I,G1.NP.M,G1.NP.M,M,NP,0.002744975,0.490249981,2.8655115,2.33861545,0,7.20E-06,1.290644429,1.513268767,0.072502715,9.32E-06,1.819110233,7.589972128,0,3.26E-06,6.80E-05,0.000171742,1.16E-05,0.000287938
88,NP,2.may,np2,23.4,30.9,Tin Shui Wai Nullah,Deep Bay,TSR1,B0.NP.M,B0.NP.M,M,NP,0.000666498,2.135608058,0.72646584,1.486276041,0.000279767,0.026581646,0.0010222,0.085514419,0.020330874,0.000644493,0.085822831,6.978784779,0.001618604,3.99E-06,0.000279872,0.000219808,0.000435985,1.90E-05
89,NP,2.may,np2,25,28,Yuen Long Creek,Deep Bay,YL2,D1.NP.M,D1.NP.M,M,NP,6.21E-05,7.21579696,1.697942919,0.40498508,0.006044056,0.000184601,0.000532883,0.009606349,0.000741435,0.001266524,2.62718795,6.444222777,1.95E-05,2.49E-06,0.0001305,0.000346047,0.004554777,0.000268831
90,NP,2.may,np2,25,30,Yuen Long Creek,Deep Bay,YL4,D2.NP.M,D2.NP.M,M,NP,7.91E-05,7.942023234,17.67120409,2.982995407,0.000811452,6.66E-05,0.001174586,0.004436427,0.000236555,0.006375912,0.10686632,3.701604195,0,0,2.78E-05,0.000149647,0.000162443,2.93E-05
91,NP,3.Aug,np3,29.4,30.4,Tai Chung Hau Stream,Deep Bay,DB2,A0.NP.S,A0.NP.S,S,NP,7.18E-05,0.589618288,2.01581884,0.036062621,0.000765772,5.23E-05,0.000509549,0.011745244,0.000294622,0.000143715,0.108062359,2.809224857,1.12E-05,1.17E-05,0.00012464,0.000381573,3.98E-05,2.26E-05
92,NP,3.Aug,np3,29.5,33.1,River Indus,Deep Bay,IN2,E0.NP.S,E0.NP.S,S,NP,3.92E-05,0.306932602,1.638249127,6.88866429,0.02393061,2.00E-05,5.86E-05,0.007138053,0.00361087,0.000209666,0.039066298,2.706293575,3.67E-05,8.86E-07,9.26E-05,0.001753914,0.005511127,5.62E-05
93,NP,3.Aug,np3,31.9,32.8,Kai Tak River,Victoria Harbour ,KN5,H0.NP.S,H0.NP.S,S,NP,1.52E-05,1.471616243,0.541118886,13.23771856,1.320608436,0.000416851,0.001306829,0.001932902,0.001870738,0.004087243,1.378821875,24.14316415,2.98E-05,2.34E-07,0.000337615,8.88E-05,0.010318485,0.00014552
94,NP,3.Aug,np3,29.2,33.8,Tai Shui Hang Stream,Port Shelter ,PR7,I0.NP.S,I0.NP.S,S,NP,0.0001579,1.871698727,5.806643744,2.293771897,0.031440236,4.01E-05,0.001116797,0.198439643,0.000309751,0.00414665,0.146341026,3.736290122,1.32E-05,3.48E-06,9.44E-05,0.156882134,0.004349049,0.291701575
95,NP,3.Aug,np3,29.2,31.8,Tung Chung River,North Western ,TC2,J0.NP.S,J0.NP.S,S,NP,0.000343357,0.239798119,0.768973163,1.868630615,0.000693837,0.000154721,0.000296352,0.008333549,0.000158568,2.86E-05,0.004986926,3.578702882,0,0.005999426,5.82E-05,0.000400992,0.00017287,4.93E-06
96,NP,3.Aug,np3,30,28.9,Tuen Mun River,North Western ,TN2,C1.NP.S,C1.NP.S,S,NP,3.66E-05,1.47916801,2.581823631,4.155998029,0.001507386,0.001750825,0.001989145,0.005623522,0.000421234,0.00171704,1.027759225,14.25375641,2.30E-05,7.86E-07,0.001397385,0.000253433,0.000372172,5.42E-05
97,NP,3.Aug,np3,28.4,28.3,Tuen Mun River,North Western ,TN6,C2.NP.S,C2.NP.S,S,NP,0.000427418,1.447898984,5.167472091,2.788874967,0.065113541,1.13E-05,0.00066247,0.086928599,0.004368118,7.24E-05,0.015856641,6.334398297,0,9.32E-07,0.0001288,0.080989574,5.29E-05,0.007504716
98,NP,3.Aug,np3,30.1,33.3,Lam Tsuen River,Tolo Harbour and Channel ,TR12B,F2.NP.S,F2.NP.S,S,NP,0.000752659,0.329576733,0.611162657,0.246256089,0.001010546,1.76E-05,0.000275094,0.006559787,0.000262802,1.01E-05,0.013126584,5.195895232,0,0.000201917,6.17E-05,0.00049788,6.47E-05,8.13E-06
99,NP,3.Aug,np3,28.1,34.6,Lam Tsuen River,Tolo Harbour and Channel ,TR12D,F1.NP.S,F1.NP.S,S,NP,2.595700657,6.161371734,2.74561696,0.29017698,8.70E-05,1.32E-05,0.00098772,7.850398403,0.008216329,5.70E-06,0.003143804,2.463106084,9.75E-06,5.97E-05,9.22E-06,4.23E-05,0,1.38E-05
100,NP,3.Aug,np3,29.6,33.3,Lam Tsuen River,Tolo Harbour and Channel ,TR12I,F3.NP.S,F3.NP.S,S,NP,5.67E-05,0.263783706,0.128022613,0.226821385,0.028089229,5.38E-05,0.000496679,0.003274762,0.001238983,0.000730827,0.061138481,2.389710277,1.77E-05,0.006971955,9.22E-05,0.001547074,0.016809795,8.65E-05
101,NP,3.Aug,np3,31.1,32.6,Shing Mun River,Tolo Harbour and Channel ,TR17L,G2.NP.S,G2.NP.S,S,NP,0.180941654,0.318023139,0.397321782,0.867016907,0.016077465,4.79E-05,0.002240558,0.165091283,0.020114095,0.000670556,0.096065878,2.147527119,3.53E-05,0.000899199,2.86E-05,0.001366076,0.000898486,0.00011568
102,NP,3.Aug,np3,31.2,33.7,Shing Mun River,Tolo Harbour and Channel ,TR19I,G1.NP.S,G1.NP.S,S,NP,0.006803111,0.123481666,2.442294481,0.540764467,0.006319515,3.54E-05,0.000436175,0.015452313,0.001632212,0.00013804,0.023320752,3.240097898,3.59E-05,0.000508824,6.36E-05,0.001518602,0.000532237,0.000670856
103,NP,3.Aug,np3,30.4,32.4,Tin Shui Wai Nullah,Deep Bay,TSR1,B0.NP.S,B0.NP.S,S,NP,2.14E-05,0.591315604,1.158413034,2.811616832,0.093014622,6.04E-05,9.30E-05,0.003202165,0.000668405,0.000296911,0.247789548,4.614469297,3.37E-05,9.00E-07,0.00013718,0.001385669,0.013116783,0.00010265
104,NP,3.Aug,np3,29.7,33.8,Yuen Long Creek,Deep Bay,YL2,D1.NP.S,D1.NP.S,S,NP,3.41E-05,1.545969836,0.657409712,13.86732245,0.953433857,0.000308928,0.00052291,0.003250724,0.002841106,0.002149225,1.15549543,16.57628437,0.000107384,3.38E-07,0.000134,0.000147796,0.005452978,0.000145173
105,NP,3.Aug,np3,30,26.4,Yuen Long Creek,Deep Bay,YL4,D2.NP.S,D2.NP.S,S,NP,0.000582626,0.9777989,1.33393574,0.481570906,0.000669989,0.00014931,0.000419737,0.045510319,0.032467184,0.000163717,0.094074207,3.604710348,0.003763391,0.000378399,0.00073529,0.000878165,3.85E-05,3.35E-05
106,NP,4.nov,np4,28.2,27.1,Tai Chung Hau Stream,Deep Bay,DB2,A0.NP.A,A0.NP.A,A,NP,0.000189555,3.790425118,5.064823486,0.377234952,0.000104,8.08E-05,0.001926116,0.000742339,0.001035985,8.63E-05,0.029942344,9.376812299,0.000177054,0.000526343,0.001651537,0.00013543,5.78E-06,1.94E-05
107,NP,4.nov,np4,27.6,28.3,River Indus,Deep Bay,IN2,E0.NP.A,E0.NP.A,A,NP,0.598983891,0.858150352,2.641759494,29.37206822,0.001498714,0.014916294,0.39153432,2.385097287,0.333204366,0.000537051,4.161159619,7.378217923,3.60E-05,3.19E-06,0.000118029,6.71E-05,0.002572003,2.81E-05
108,NP,4.nov,np4,28,28.5,Kai Tak River,Victoria Harbour ,KN5,H0.NP.A,H0.NP.A,A,NP,0.000579367,20.13830017,0.586706921,0.334886612,0.000154084,1.64E-05,5.797315187,0.483095233,0.003284379,9.27E-05,0.016344049,4.477640002,1.24E-05,1.36E-05,0.40348728,0.003374337,2.07E-05,0.000755889
109,NP,4.nov,np4,25.6,26.5,Tai Shui Hang Stream,Port Shelter ,PR7,I0.NP.A,I0.NP.A,A,NP,0.000231346,0.722973605,8.431760946,0.019789774,0.000340997,4.96E-05,0.00038276,0.00533588,0.000388853,3.81E-05,0.024346938,0.590805507,0,1.11E-06,9.89E-06,1.96E-05,1.19E-05,3.54E-05
110,NP,4.nov,np4,24.4,25.3,Tung Chung River,North Western ,TC2,J0.NP.A,J0.NP.A,A,NP,0.00011262,1.904209411,1.907148184,1.195547518,0.000963613,4.85E-06,0.465603791,0.007546348,0.000210608,2.51E-05,0.019112876,5.853709746,1.07E-05,1.2329938,0.028225412,0.000529585,4.71E-05,6.19E-05
111,NP,4.nov,np4,25.3,29.6,Tuen Mun River,North Western ,TN2,C1.NP.A,C1.NP.A,A,NP,0.000910867,4.757720264,5.665623611,0.395311514,0.000596733,0.000259577,0.000733703,0.001177285,0.000598739,0.000192405,0.251174798,29.37201078,0,1.02E-05,9.58E-05,0.0002684,8.39E-05,0.000933893
112,NP,4.nov,np4,24.7,26.9,Tuen Mun River,North Western ,TN6,C2.NP.A,C2.NP.A,A,NP,6.93E-05,1.20705273,0.519564047,0.171775685,0.004916002,0.000967454,0.000591347,0.005964067,0.000384081,0.000905231,0.12916994,1.41827814,4.63E-05,0,0.000171121,0.000408959,2.77E-05,0.003074683
113,NP,4.nov,np4,26.3,29.4,Lam Tsuen River,Tolo Harbour and Channel ,TR12B,F2.NP.A,F2.NP.A,A,NP,0.00019606,1.004211176,0.448626726,3.624089166,0.00010031,0.000232256,0.064016706,0.007540797,0.000513708,7.80E-06,0.010806469,11.42463893,1.56E-05,1.09E-05,0.08166153,0.005782288,3.90E-06,7.09E-05
114,NP,4.nov,np4,24.4,30.8,Lam Tsuen River,Tolo Harbour and Channel ,TR12D,F1.NP.A,F1.NP.A,A,NP,0.001361705,0.093546722,0.269334624,0.583354398,6.41E-05,0.00016972,0.019107427,0.014287663,0.011285107,0.004244212,0.024096223,18.3657379,3.27E-05,6.69E-06,0.000959351,3.84E-05,1.13E-05,1.56E-05
115,NP,4.nov,np4,24.5,28.3,Lam Tsuen River,Tolo Harbour and Channel ,TR12I,F3.NP.A,F3.NP.A,A,NP,4.97E-05,0.165731846,3.643908928,8.715974421,0.071308818,9.83E-05,5.02E-05,0.196737829,0.009636536,0.001494019,0.121258458,10.6946004,1.02E-05,1.60E-05,0.000602853,0.137940115,0.00144443,0.040103559
116,NP,4.nov,np4,29.2,26.5,Shing Mun River,Tolo Harbour and Channel ,TR17L,G2.NP.A,G2.NP.A,A,NP,0.269849636,0.510643508,6.577930956,2.768183192,0,0.000715533,0.001155315,1.128000568,0.040303489,2.14E-05,0.20476465,31.67041785,2.51E-06,0,0.000509543,0.009460239,1.89E-06,0.000428128
117,NP,4.nov,np4,29.4,27.7,Shing Mun River,Tolo Harbour and Channel ,TR19I,G1.NP.A,G1.NP.A,A,NP,6.59E-05,1.906169877,3.341649353,4.262393151,0.015064846,3.39E-05,0.000406745,4.332416619,4.63E-05,6.99E-05,0.009931674,1.747211749,0,0,5.77E-05,0.594484031,9.33E-05,0.21043526
118,NP,4.nov,np4,28.4,29.5,Tin Shui Wai Nullah,Deep Bay,TSR1,B0.NP.A,B0.NP.A,A,NP,0.004602444,0.523560902,28.41231084,4.012333229,2.58E-05,0.03044449,0.001146561,0.169233713,0.110994363,0,0.009918039,5.639491355,2.45E-05,0,0.012855514,1.66E-05,0,1.12E-05
119,NP,4.nov,np4,27,30,Yuen Long Creek,Deep Bay,YL2,D1.NP.A,D1.NP.A,A,NP,5.19E-05,1.004570713,0.188223997,4.126403838,0.879082757,0.064496721,0.003340399,0.169702123,0.003008762,0.001428719,0.946015782,13.94915487,0.000857568,0,0.000241637,0.000283581,0.40415448,0.000396802
120,NP,4.nov,np4,26.7,30.7,Yuen Long Creek,Deep Bay,YL4,D2.NP.A,D2.NP.A,A,NP,0.000128978,1.222274574,4.359594369,1.574491544,0.002061151,0.009746351,0.001483388,0.03274462,0.000308318,8.63E-06,0.025039566,12.45342612,6.62E-05,1.21E-06,0.0044022,0.003010181,1.73E-05,2.88E-05
121,W,1.feb,rw1,18,26.3,Tai Chung Hau Stream,Deep Bay,DB2,A0.RW.F,A0.RW.F,F,RW,2.48E-06,0.025955784,1.998797237,10.74593147,0.074917476,8.49E-06,0.000155528,0.002468292,0.000224166,0.001143873,0.054925358,1.192223974,2.81E-06,0,6.97E-05,9.69E-05,0.000561338,0.000812525
122,W,1.feb,rw1,20.5,19,River Indus,Deep Bay,IN2,E0.RW.F,E0.RW.F,F,RW,1.49E-05,0.276919227,0.355166178,6.523006585,0.375336271,0.000927248,0.002908554,0.005174392,0.000451106,0.043195974,0.839901383,2.156274559,7.77E-05,0,0.000255682,0.000370464,0.050841965,7.99E-05
123,W,1.feb,rw1,23,20.8,Kai Tak River,Victoria Harbour ,KN5,H0.RW.F,H0.RW.F,F,RW,0.000482337,15.28521814,0.197251604,0.053511126,0.007466488,3.43E-05,5.08529064,0.145792467,0.000384293,0.000979234,0.094760247,0.14043934,1.20E-05,1.06E-05,0.30529779,0.002740705,0.000169954,0.000863939
124,W,1.feb,rw1,19.4,20.3,Tai Shui Hang Stream,Port Shelter ,PR7,I0.RW.F,I0.RW.F,F,RW,1.46E-05,0.074457336,2.013138029,16.58985928,1.228794719,0.00011,0.000374246,0.016240616,0.000544205,0.022684233,0.300944408,7.958113191,1.04E-05,0,0.000184405,0.002650938,0.00495924,0.004377985
125,W,1.feb,rw1,19,22.5,Tung Chung River,North Western ,TC2,J0.RW.F,J0.RW.F,F,RW,2.77E-05,0.10864036,8.289242272,3.758054283,0.078216587,0.000102867,0.000307373,0.183344957,0.000430495,0.002676078,0.039682028,1.813374073,0,0,8.50E-05,0.064090455,0.00029008,0.445838762
126,W,1.feb,rw1,21,23.2,Tuen Mun River,North Western ,TN2,C1.RW.F,C1.RW.F,F,RW,2.57E-05,0.164694093,1.88753613,1.995216803,0.001825768,0.000112936,0.001286921,0.0070999,0.000712584,0.001316638,0.132248985,8.855352806,7.97E-05,1.34E-07,4.41E-05,0.0014794,0.000681423,0.00036853
127,W,1.feb,rw1,18.8,23.3,Tuen Mun River,North Western ,TN6,C2.RW.F,C2.RW.F,F,RW,0.001441171,0.127899485,1.059825,0.877628355,0.012163898,0.000212907,0.000877333,0.216458519,0.007736967,0.000695968,0.094668123,1.149298755,1.51E-05,0.001158416,0.0001525,0.000715341,0.000615984,3.70E-05
128,W,1.feb,rw1,20.1,19.8,Lam Tsuen River,Tolo Harbour and Channel ,TR12B,F2.RW.F,F2.RW.F,F,RW,0.000489597,0.110487661,3.426097452,1.562184579,0.266616892,0.000115872,0.00035183,0.150100646,0.00219541,0.006159174,0.070589543,1.730765679,0,6.70E-06,0.000395525,0.048434119,0.00044994,0.21676014
129,W,1.feb,rw1,18.8,21,Lam Tsuen River,Tolo Harbour and Channel ,TR12D,F1.RW.F,F1.RW.F,F,RW,0.041573005,0.205240064,0.419947885,0.553312176,0.018671615,0.000207253,0.001700637,0.164046067,0.041042953,0.001292528,0.081488075,1.955683735,2.46E-05,0.002296637,5.98E-05,0.005963753,0.000879284,0.00015102
130,W,1.feb,rw1,18.9,19.4,Lam Tsuen River,Tolo Harbour and Channel ,TR12I,F3.RW.F,F3.RW.F,F,RW,5.34E-06,0.145564123,0.223454262,10.77973715,0.393628901,0.001875895,0.000435328,0.007003299,5.29E-05,2.5398622,1.352213747,3.407368944,2.65E-05,2.61E-07,0.00027199,0.000390241,0.030645281,9.58E-05
131,W,1.feb,rw1,21.3,18.2,Shing Mun River,Tolo Harbour and Channel ,TR17L,G2.RW.F,G2.RW.F,F,RW,1.85E-05,0.620671141,0.221909467,2.827302199,0.443513162,0.000530924,0.004420042,0.008242608,0.00012957,0.010659961,3.988591555,3.587362436,1.91E-05,3.15E-06,0.0001404,0.000248685,0.18197119,0.00010902
132,W,1.feb,rw1,21.5,19.3,Shing Mun River,Tolo Harbour and Channel ,TR19I,G1.RW.F,G1.RW.F,F,RW,6.36E-05,0.287600032,0.156032691,0.315052059,0.1452817,0.000241093,0.000735324,0.01221565,0.001863404,0.000630159,0.168334462,1.053846995,2.38E-05,0.02274214,0.0001082,0.002238912,0.0836138,0.000112416
133,W,1.feb,rw1,20.8,21.6,Tin Shui Wai Nullah,Deep Bay,TSR1,B0.RW.F,B0.RW.F,F,RW,4.41E-05,0.121477815,0.050841983,0.218740364,0.003250289,6.82E-05,0.000118769,1.164595128,0.000462735,0.001739461,0.02314954,1.008757133,3.37E-05,2.35E-05,3.36E-05,0.000446095,0.000397734,4.80E-05
134,W,1.feb,rw1,21.1,21.6,Yuen Long Creek,Deep Bay,YL2,D1.RW.F,D1.RW.F,F,RW,3.63E-06,0.183150164,0.268380992,3.823437843,1.124085155,0.000602445,0.0005107,0.003304231,0.0001357,0.011755729,1.803206134,5.196509124,0.00063734,0,0.000403499,3.71E-05,0.01498339,0.000467869
135,W,1.feb,rw1,20.1,21.6,Yuen Long Creek,Deep Bay,YL4,D2.RW.F,D2.RW.F,F,RW,0.0001475,0.403411874,0.771381824,0.960905576,0.045632295,0.000396334,0.058733703,0.019541645,0.000786429,0.01680604,0.456440065,9.670343849,2.93E-05,3.44E-05,0.004396223,0.000380285,0.007628387,0.000629733
136,W,2.may,rw2,28.4,27.5,Tai Chung Hau Stream,Deep Bay,DB2,A0.RW.M,A0.RW.M,M,RW,6.03E-05,0.236077388,0.231095732,0.030559728,0.000462113,3.61E-05,0.00030517,0.00444614,0.00107772,2.48E-05,0.010998833,0.254526205,4.28E-05,7.09E-06,0.00096493,0.000650569,2.34E-05,0.0001083
137,W,2.may,rw2,29.4,28.4,River Indus,Deep Bay,IN2,E0.RW.M,E0.RW.M,M,RW,2.60E-05,0.328531037,1.002739313,4.786118422,0.03628439,2.31E-05,0.010908013,0.003576034,0.000469467,0.000635973,0.059207534,4.661790672,1.80E-05,8.43E-06,0.000947074,0.00165916,0.006611425,3.00E-05
138,W,2.may,rw2,28.7,23.7,Kai Tak River,Victoria Harbour ,KN5,H0.RW.M,H0.RW.M,M,RW,0.000197347,17.26739055,0.15491766,0.162200206,0.004969719,2.30E-05,9.782558082,0.15491317,9.99E-05,0.000954932,0.087539853,0.50789158,1.69E-05,2.66E-05,0.81224258,0.004914046,0.000314446,0.001549773
139,W,2.may,rw2,29,23.9,Tai Shui Hang Stream,Port Shelter ,PR7,I0.RW.M,I0.RW.M,M,RW,3.25E-05,1.046891388,0.208911172,1.200945164,0.049522245,6.77E-05,0.008620717,0.006527164,0.000202667,0.001603481,0.150509027,3.275856232,1.30E-05,0.000133791,0.000733925,0.001396458,0.007796429,0.00021647
140,W,2.may,rw2,27.7,20.8,Tung Chung River,North Western ,TC2,J0.RW.M,J0.RW.M,M,RW,2.59E-05,0.197336503,0.152015497,0.481388745,0.06930813,4.40E-05,7.16E-05,0.001689582,0.000159,0.001436643,0.06680053,3.960319068,8.08E-06,0.000226417,0.00016246,0.002812693,0.047378555,6.10E-05
141,W,2.may,rw2,23.7,24.7,Tuen Mun River,North Western ,TN2,C1.RW.M,C1.RW.M,M,RW,7.21E-06,0.943378941,2.781661857,2.627079327,0.017198696,0.000189074,9.21E-05,0.001852931,0.000315687,0.001057357,0.370457737,8.096061078,2.15E-05,2.12E-06,4.80E-05,0.000230567,0.012812831,8.94E-05
142,W,2.may,rw2,23.8,24.7,Tuen Mun River,North Western ,TN6,C2.RW.M,C2.RW.M,M,RW,1.08E-05,2.405103958,10.34421872,3.123945172,0.388685854,5.96E-06,0.00011699,0.005209763,2.58E-05,0.001524238,0.068960458,1.692094987,0,0,9.35E-05,0.002783144,0.0002539,0.010338616
143,W,2.may,rw2,25.5,26.7,Lam Tsuen River,Tolo Harbour and Channel ,TR12B,F2.RW.M,F2.RW.M,M,RW,3.91E-05,0.307401251,0.510546815,0.470006993,0.007364127,4.00E-05,0.164648453,0.008943042,0.000246524,0.000894291,0.065716203,1.638112198,1.90E-05,0.000930128,0.008310504,0.26217959,0.000642339,3.42E-05
144,W,2.may,rw2,24.5,29.3,Lam Tsuen River,Tolo Harbour and Channel ,TR12D,F1.RW.M,F1.RW.M,M,RW,0.004729828,0.185120133,0.460849733,1.194523269,0.024204874,2.70E-05,0.008809946,0.039828088,0.041463994,0.002742759,0.109186078,7.706498192,3.35E-06,0.002289829,0.000227891,0.000757885,0.000758122,3.30E-05
145,W,2.may,rw2,24.9,26.7,Lam Tsuen River,Tolo Harbour and Channel ,TR12I,F3.RW.M,F3.RW.M,M,RW,1.47E-05,0.137417051,3.338523404,12.57394223,0.088787174,3.55E-05,8.32E-05,0.146527371,0.0001034,0.001252584,0.112903455,9.11758679,3.95E-06,1.35E-05,0.000410237,0.107597196,0.001041011,0.03283933
146,W,2.may,rw2,27.4,24.8,Shing Mun River,Tolo Harbour and Channel ,TR17L,G2.RW.M,G2.RW.M,M,RW,7.76E-05,1.464994588,4.583707002,6.666841977,0.008241031,1.75E-05,0.000163005,1.837800723,0.0001105,0.000300246,0.024223199,1.318946814,2.47E-06,1.74E-06,0.000340648,0.419878162,8.51E-05,0.124034048
147,W,2.may,rw2,28.6,24.7,Shing Mun River,Tolo Harbour and Channel ,TR19I,G1.RW.M,G1.RW.M,M,RW,2.97E-05,2.410207891,3.669585497,4.362159866,0.018256679,2.36E-06,0.000576292,4.837601158,3.13E-05,9.04E-05,0.013882273,1.279027958,2.54E-06,0,7.46E-05,0.61395519,0.000122147,0.229193344
148,W,2.may,rw2,23.4,30.9,Tin Shui Wai Nullah,Deep Bay,TSR1,B0.RW.M,B0.RW.M,M,RW,7.87E-06,0.72681848,0.550854013,7.317164029,0.177520598,0.0001147,0.000317161,0.005262325,0.000399843,0.000940529,0.210952312,2.888430723,2.03E-05,1.22E-06,0.00025688,0.001816075,0.029997772,0.000118173
149,W,2.may,rw2,25,28,Yuen Long Creek,Deep Bay,YL2,D1.RW.M,D1.RW.M,M,RW,9.30E-05,0.845773672,0.301300796,2.405484356,0.406662217,0.000164,0.003854821,0.004593025,0.004873792,0.001583417,2.178290555,10.16568293,3.13E-05,0,0.000247393,7.95E-05,0.017377948,0.000434974
150,W,2.may,rw2,25,30,Yuen Long Creek,Deep Bay,YL4,D2.RW.M,D2.RW.M,M,RW,1.90E-05,0.396747891,0.207078138,2.794284308,0.352337938,0.000139464,0.00012619,0.003536929,0.000557771,0.004534347,0.631656695,3.933244474,6.75E-06,2.76E-07,0.001047313,0.001536976,0.024031067,0.00012332
151,W,3.Aug,rw3,29.4,30.4,Tai Chung Hau Stream,Deep Bay,DB2,A0.RW.S,A0.RW.S,S,RW,2.68E-05,0.467400007,0.584487325,0.065175881,0.000490057,3.97E-05,0.00064386,0.00293835,0.000622378,0.000192434,0.08594827,2.700604299,1.51E-05,6.39E-06,0.0001431,0.00035257,8.29E-06,2.10E-05
152,W,3.Aug,rw3,29.5,33.1,River Indus,Deep Bay,IN2,E0.RW.S,E0.RW.S,S,RW,3.37E-05,0.225641033,1.158064287,6.958644236,0.020299789,1.40E-05,7.61E-05,0.003257799,0.000469317,0.000143838,0.030175027,2.347830811,8.33E-05,5.75E-06,0.000163265,0.001646407,0.003743599,3.19E-05
153,W,3.Aug,rw3,31.9,32.8,Kai Tak River,Victoria Harbour ,KN5,H0.RW.S,H0.RW.S,S,RW,0.000169879,15.2249564,0.343696973,0.158231942,0.006679279,1.83E-05,4.908595393,0.298265934,0.000132921,0.001909597,0.075940721,0.590589773,1.56E-06,3.88E-05,0.28628603,0.00543447,0.000172021,0.000618791
154,W,3.Aug,rw3,29.2,33.8,Tai Shui Hang Stream,Port Shelter ,PR7,I0.RW.S,I0.RW.S,S,RW,0.0001396,1.411527221,4.579025283,2.105581601,0.029130256,2.51E-05,0.000244733,0.151075248,0.000319356,0.004104507,0.117342894,3.467426741,2.62E-06,3.11E-05,7.37E-05,0.126866338,0.003115976,0.213174199
155,W,3.Aug,rw3,29.2,31.8,Tung Chung River,North Western ,TC2,J0.RW.S,J0.RW.S,S,RW,2.60E-05,1.770112664,11.38482658,8.065427129,0.007158289,2.40E-05,1.68E-05,0.239217374,0.00123182,0.000335969,0.062651675,7.429242134,1.11E-05,5.06E-07,0.000436521,0.036260733,0.000376298,0.027018527
156,W,3.Aug,rw3,30,28.9,Tuen Mun River,North Western ,TN2,C1.RW.S,C1.RW.S,S,RW,3.36E-05,1.374135354,2.669061699,4.383792109,0.052258444,9.15E-05,0.000623932,0.003869698,0.001180019,0.000917276,4.804403739,3.517249796,9.57E-06,2.94E-06,0.0001069,0.000409658,0.02401466,5.35E-05
157,W,3.Aug,rw3,28.4,28.3,Tuen Mun River,North Western ,TN6,C2.RW.S,C2.RW.S,S,RW,8.17E-05,2.464408225,6.357209338,3.999370963,0.155559062,3.05E-06,0.000605096,0.112397454,0.000296643,0.00013867,0.030334299,8.282736848,0,0,6.62E-05,0.11739657,8.87E-05,0.01034373
158,W,3.Aug,rw3,30.1,33.3,Lam Tsuen River,Tolo Harbour and Channel ,TR12B,F2.RW.S,F2.RW.S,S,RW,0.000538687,4.845482032,9.285846377,3.5190842,0.004079304,2.64E-05,2.26E-05,4.442129967,0.015657371,4.80E-05,0.002630781,2.041921698,0,0,2.29E-05,1.101558648,6.91E-06,0.786765132
159,W,3.Aug,rw3,28.1,34.6,Lam Tsuen River,Tolo Harbour and Channel ,TR12D,F1.RW.S,F1.RW.S,S,RW,0.001256447,0.293331662,0.599029021,0.076668945,0.009977063,0.004054488,0.00066676,0.509898456,1.18999539,6.31E-05,0.278016605,0.505909531,2.45E-05,0.000566582,2.42E-05,0.000207549,0,4.58E-05
160,W,3.Aug,rw3,29.6,33.3,Lam Tsuen River,Tolo Harbour and Channel ,TR12I,F3.RW.S,F3.RW.S,S,RW,5.45E-05,2.851105638,11.299329,10.11499387,0.005074155,1.12E-05,0.000105702,0.32566478,0.001596756,0.000316942,0.085011077,4.340090912,3.08E-06,0,0.000349265,0.056559561,0.000340507,0.033225737
161,W,3.Aug,rw3,31.1,32.6,Shing Mun River,Tolo Harbour and Channel ,TR17L,G2.RW.S,G2.RW.S,S,RW,0.000545246,3.789336889,9.902675726,4.73999275,0.009277246,2.05E-06,4.03E-05,2.428935186,0.000179494,6.99E-05,0.003755138,2.923129885,6.02E-06,0,4.76E-05,0.645379798,2.48E-05,0.547323943
162,W,3.Aug,rw3,31.2,33.7,Shing Mun River,Tolo Harbour and Channel ,TR19I,G1.RW.S,G1.RW.S,S,RW,0.000530466,4.389202806,8.364805672,3.313530329,0.007235846,3.18E-06,0.00013427,3.739275476,0.000172807,3.22E-05,0.002816115,2.073734288,0,0,2.48E-05,1.02585456,6.85E-06,0.730058398
163,W,3.Aug,rw3,30.4,32.4,Tin Shui Wai Nullah,Deep Bay,TSR1,B0.RW.S,B0.RW.S,S,RW,3.63E-05,0.650706767,0.698473046,3.44595471,0.147396146,4.07E-05,0.00010885,0.002868445,0.000409726,0.000347123,0.278505495,2.983708358,3.47E-05,3.39E-07,0.00023045,0.000756258,0.014442544,6.17E-05
164,W,3.Aug,rw3,29.7,33.8,Yuen Long Creek,Deep Bay,YL2,D1.RW.S,D1.RW.S,S,RW,6.06E-06,0.351227154,0.173101821,6.924953101,0.933976009,0.000141303,0.002878593,0.001941229,0.00057283,0.002181219,0.853601575,12.5083391,3.19E-05,0,0.000448886,0.00010129,0.012714328,0.000445215
165,W,3.Aug,rw3,30,26.4,Yuen Long Creek,Deep Bay,YL4,D2.RW.S,D2.RW.S,S,RW,0.0001381,0.378803177,0.187948362,1.250186393,0.054624786,0.0001343,0.000807889,0.009954848,0.00578629,0.000982015,0.244933131,1.509059247,7.47E-05,0.000345169,0.000298295,0.000497761,0.012598769,4.63E-05
166,W,4.nov,rw4,28.2,27.1,Tai Chung Hau Stream,Deep Bay,DB2,A0.RW.A,A0.RW.A,A,RW,2.23E-05,1.432909003,1.629731409,0.083555704,0.000347458,3.23E-05,0.000178408,0.000584852,0.0001356,0.000105807,0.005417614,3.660584126,6.52E-05,3.51E-07,5.21E-05,7.95E-05,5.65E-06,3.93E-06
167,W,4.nov,rw4,27.6,28.3,River Indus,Deep Bay,IN2,E0.RW.A,E0.RW.A,A,RW,3.82E-05,0.30391886,0.949184331,6.949000422,0.033126488,7.25E-05,0.00018661,0.005980578,0.001371937,0.00024977,0.096181921,3.119039301,2.51E-05,0.000168936,0.0001071,0.001100515,0.007235654,9.53E-05
168,W,4.nov,rw4,28,28.5,Kai Tak River,Victoria Harbour ,KN5,H0.RW.A,H0.RW.A,A,RW,0.00019202,18.73289159,0.138829473,0.043428223,0.004917727,2.25E-05,8.318701777,0.163886158,0.000416703,0.000646872,0.064388123,0.123010709,7.00E-06,2.03E-05,0.283503632,0.00499877,0.000101113,0.000775002
169,W,4.nov,rw4,25.6,26.5,Tai Shui Hang Stream,Port Shelter ,PR7,I0.RW.A,I0.RW.A,A,RW,0.0001385,2.310048048,5.568634606,3.32504908,0.011869499,6.40E-05,1.15538952,0.077720328,0.003056325,0.000840375,0.103188396,8.01439443,4.18E-05,0.000228112,0.038059047,0.009684402,0.001020232,0.00095972
170,W,4.nov,rw4,24.4,25.3,Tung Chung River,North Western ,TC2,J0.RW.A,J0.RW.A,A,RW,5.15E-05,0.421100669,0.121764963,0.091084073,0.035629003,3.65E-05,0.087325486,0.006224076,0.002637602,0.000195816,0.029664943,0.915530955,5.17E-05,0.009356004,0.004964091,0.001238078,0.007613879,1.75E-05
171,W,4.nov,rw4,25.3,29.6,Tuen Mun River,North Western ,TN2,C1.RW.A,C1.RW.A,A,RW,1.63E-05,1.361984509,0.74407958,4.454437446,0.237838985,0.000184188,0.007914618,0.003533127,0.001214651,0.003521404,1.617288697,4.803187646,0.00010338,8.46E-06,0.000297483,0.000297096,0.09339035,8.18E-05
172,W,4.nov,rw4,24.7,26.9,Tuen Mun River,North Western ,TN6,C2.RW.A,C2.RW.A,A,RW,5.33E-05,1.989570293,6.191775108,3.53755636,0.072210084,1.65E-05,0.00761193,0.032604158,0.002763425,0.00024291,0.04657971,5.522701261,8.58E-06,0,0.0001322,0.004335521,0.000265722,0.00826103
173,W,4.nov,rw4,26.3,29.4,Lam Tsuen River,Tolo Harbour and Channel ,TR12B,F2.RW.A,F2.RW.A,A,RW,5.56E-05,0.140094038,0.09343058,0.170897611,0.006632349,4.45E-05,0.018099609,0.003484954,0.000444148,6.48E-05,0.033139991,1.425780287,4.03E-05,0.002536947,0.000517797,0.000367213,0.000655806,1.57E-05
174,W,4.nov,rw4,24.4,30.8,Lam Tsuen River,Tolo Harbour and Channel ,TR12D,F1.RW.A,F1.RW.A,A,RW,0.00196269,0.064276249,0.087382955,0.02441027,0.002744969,4.36E-05,0.00623155,0.008568164,0.000765809,8.08E-06,0.02455705,1.154804216,7.04E-05,0.002015932,0.000145433,0.000377701,0.00026037,6.65E-05
175,W,4.nov,rw4,24.5,28.3,Lam Tsuen River,Tolo Harbour and Channel ,TR12I,F3.RW.A,F3.RW.A,A,RW,7.28E-05,0.582874225,4.544554117,9.301443425,0.983577159,7.01E-05,0.002042179,0.005727244,0.000920031,0.000971012,0.192148037,4.567663438,0.000237502,1.08E-05,0.000253296,0.001387893,0.002262923,0.003617753
176,W,4.nov,rw4,29.2,26.5,Shing Mun River,Tolo Harbour and Channel ,TR17L,G2.RW.A,G2.RW.A,A,RW,0.000220104,2.180887871,12.43959519,5.154117907,0.032837593,1.36E-05,0.005364401,0.037197439,0.001973601,0.000635196,0.063999191,3.643009144,3.13E-06,6.40E-07,0.000145663,0.181552859,0.00010858,1.033887508
177,W,4.nov,rw4,29.4,27.7,Shing Mun River,Tolo Harbour and Channel ,TR19I,G1.RW.A,G1.RW.A,A,RW,8.44E-05,2.34317468,10.51927129,4.707170276,0.037243374,7.02E-06,0.002639685,0.113197247,0.001165749,9.33E-05,0.013304138,2.614986931,0,1.51E-06,4.14E-05,0.392047152,5.17E-05,1.64051904
178,W,4.nov,rw4,28.4,29.5,Tin Shui Wai Nullah,Deep Bay,TSR1,B0.RW.A,B0.RW.A,A,RW,5.19E-06,0.083094612,0.388113078,5.589753038,0.170602143,0.000131335,0.000832314,0.001797333,0.000354933,0.007563702,0.789459623,6.268327785,3.46E-05,9.66E-07,0.000182384,0.000331394,0.008919043,0.000295446
179,W,4.nov,rw4,27,30,Yuen Long Creek,Deep Bay,YL2,D1.RW.A,D1.RW.A,A,RW,5.98E-06,0.583303468,0.246773205,4.936108693,0.794337261,0.0001044,0.0001467,0.000871598,0.000165559,0.003556065,0.963755429,6.33237505,7.08E-06,0,0.00022875,0.000145692,0.033237793,0.000519528
180,W,4.nov,rw4,26.7,30.7,Yuen Long Creek,Deep Bay,YL4,D2.RW.A,D2.RW.A,A,RW,1.09E-05,0.629702872,2.706017785,6.369638218,0.000291605,0.000292312,9.51E-05,0.002962913,0.000305896,0.001024098,0.085111482,4.965142314,3.75E-05,0,2.87E-05,0.004656322,0.000273385,4.59E-05